{
  "valid_RMSE_log": 0.14005787439764072,
  "valid_MAE_dollars": 16323.600772849277,
  "valid_R2": 0.8929446655351633
}