{
  "valid_RMSE_log": 0.13801128728710815,
  "valid_MAE_dollars": 16224.754581519386,
  "valid_R2": 0.8975167001640413
}