{
  "MAE": 1.7696546227324241,
  "R2": 0.9176641722755774
}